{
  "controller/App.controller.js.map": 1746376442623,
  "manifest.json": 1746376442432,
  "controller/View1.controller.js": 1746037639781,
  "controller/App.controller.js": 1746037041160,
  "model/models.js": 1746037041156,
  "Component.js": 1746037041152,
  "controller/View1-dbg.controller.js": 1746037639781,
  "controller/View1.controller.js.map": 1746376442647,
  "controller/App-dbg.controller.js": 1746037041160,
  "i18n/i18n.properties": 1746037041156,
  "model/models-dbg.js": 1746037041156,
  "model/models.js.map": 1746376442620,
  "Component-dbg.js": 1746037041152,
  "Component.js.map": 1746376442628,
  "Component-preload.js": 1746376442741,
  "Component-preload.js.map": 1746376442741,
  "view/View1.view.xml": 1746037608241,
  "view/App.view.xml": 1746037041160,
  "css/style.css": 1746037041160,
  "index.html": 1746037041152
}